21;Apostolos Apostolou;professor;;;;teacher
22;Harper Gonzalez;professor;;;;teacher
23;Ethan Burns;professor;;;;teacher
24;Emerson Snow;professor;;;;teacher
25;Houston McLaughlin;professor;;;;teacher
26;Stephanie Pope;professor;;;;teacher
27;Gunnar Kirk;professor;;;;teacher
28;Ellis Mitchell;professor;;;;teacher
29;Jaxon Garrison;professor;;;;teacher
30;Cadence Holmes;professor;;;;teacher
31;King Henderson;professor;;;;teacher
32;Maria Ashley;professor;;;;teacher
33;Kylen Yoder;professor;;;;teacher
34;Emerie Beil;professor;;;;teacher
35;Ariel Carr;professor;;;;teacher
36;Rowan Gallegos;professor;;;;teacher
37;Jonas Blanchard;professor;;;;teacher
38;Layne Jarvis;professor;;;;teacher
39;Marlon Travis;professor;;;;teacher
40;Mazikee Munoz;professor;;;;teacher
41;Justin Larsen;professor;;;;teacher
42;Xiomara Murray;professor;;;;teacher
43;Ashton Sawyer;professor;;;;teacher
44;Marina Carrillo;professor;;;;teacher
45;Wade Gentry;professor;;;;teacher
46;Amelie Avery;professor;;;;teacher
47;Jakari Weeks;professor;;;;teacher
48;Karen Sandoval;professor;;;;teacher
49;Brantley Vazquez;professor;;;;teacher
50;Journee Mathews;professor;;;;teacher
51;Jamir Quinn;professor;;;;teacher
52;Heaven Le;professor;;;;teacher
53;Damien Gill;professor;;;;teacher
54;Jordan Watts;professor;;;;teacher
55;Dakota Montes;professor;;;;teacher
56;Roselyn Stephenson;professor;;;;teacher
57;Joe Frazier;professor;;;;teacher
58;Octavia Bradley;professor;;;;teacher
59;Richard Potter;professor;;;;teacher
60;Rory Griffith;professor;;;;teacher
61;Franklin Garner;professor;;;;teacher
62;Jacqueline Peterson;professor;;;;teacher
63;Santiago Ford;professor;;;;teacher
64;Alexandra Boyd;professor;;;;teacher
65;Dean Beasley;professor;;;;teacher
66;Jaylah Peralta;professor;;;;teacher
67;Dangelo Friedman;professor;;;;teacher
68;Aspyn Campos;professor;;;;teacher
69;Gideon Cook;professor;;;;teacher
70;Aaliyah Curry;professor;;;;teacher
71;Briggs Barrera;professor;;;;teacher
72;Beatrice Wong;professor;;;;teacher
73;Walter Stewart;professor;;;;teacher
74;Maya Buckley;professor;;;;teacher
75;Aryan Ventura;professor;;;;teacher
76;Zora McCormick;professor;;;;teacher
77;Jasiah Boyer;professor;;;;teacher
78;Chaya Brock;professor;;;;teacher
79;Julio Brewer;professor;;;;teacher
80;Thea Friedman;professor;;;;teacher
81;Darwin Briggs;professor;;;;teacher
82;Alia Wallace;professor;;;;teacher
83;Chase Sosa;professor;;;;teacher
84;Cassandra Rowland;professor;;;;teacher
85;Eliezer Blankenship;professor;;;;teacher
86;Rosalee Hunter;professor;;;;teacher
87;Archer Vargas;professor;;;;teacher
88;Andrea Trejo;professor;;;;teacher
89;Wesson Kemp;professor;;;;teacher
90;Anika Leonard;professor;;;;teacher
91;Ricardo Fowler;professor;;;;teacher
92;Lennon West;professor;;;;teacher
93;Diego Stein;professor;;;;teacher
94;Leilany Petersen;professor;;;;teacher
95;Samson Hawkins;professor;;;;teacher
96;Ariel Travis;professor;;;;teacher
97;Willie Barr;professor;;;;teacher
98;Noemi Montgomery;professor;;;;teacher
99;Maximiliano Cooper;professor;;;;teacher
100;Serenity Miles;professor;;;;teacher
101;Jared Bowman;professor;;;;teacher
102;Fiona Montoya;professor;;;;teacher
103;Ford Anthony;professor;;;;teacher
104;Macy Carson;professor;;;;teacher
105;Ares Burch;professor;;;;teacher
106;Freyja Curry;professor;;;;teacher
107;Briggs McCormick;professor;;;;teacher
108;Macie Manning;professor;;;;teacher
109;Seth Carlson;professor;;;;teacher
110;Kali Logan;professor;;;;teacher
111;Rocco Summers;professor;;;;teacher
112;Frankie Ibarra;professor;;;;teacher
113;Asa Jenkins;professor;;;;teacher
114;Rylee Clayton;professor;;;;teacher
115;Boston Taylor;professor;;;;teacher
116;Sofia O’brien;professor;;;;teacher
117;Riley Yoder;professor;;;;teacher
118;Emerie Lyons;professor;;;;teacher
119;Cyrus Burnett;professor;;;;teacher
120;Emberly Leal;professor;;;;teacher
121;Cedric Bates;professor;;;;teacher
122;Madilyn Peralta;professor;;;;teacher
123;Dangelo Solis;professor;;;;teacher
124;Miracle Stone;professor;;;;teacher
125;Finn Sanford;professor;;;;teacher
126;Emerald Potter;professor;;;;teacher
127;Lucca Avery;professor;;;;teacher
128;Meghan Compton;professor;;;;teacher
129;Abner Watson;professor;;;;teacher
130;Hailey Aguirre;professor;;;;teacher
131;Andy Grimes;professor;;;;teacher
132;Braelyn Griffith;professor;;;;teacher
133;Franklin Corona;professor;;;;teacher
134;Marianna Simpson;professor;;;;teacher
135;Elliott Hickman;professor;;;;teacher
136;Scarlette Nash;professor;;;;teacher
137;Chandler Long;professor;;;;teacher
138;Jade Black;professor;;;;teacher
139;Matteo Lopez;professor;;;;teacher
140;Gianna Jones;professor;;;;teacher
141;William Sellers;professor;;;;teacher
142;Mercy Yoder;professor;;;;teacher
143;Johan Holloway;professor;;;;teacher
144;Mae Taylor;professor;;;;teacher
145;Jackson Orr;professor;;;;teacher
146;Alaiya Bernard;professor;;;;teacher
147;Jair Duffy;professor;;;;teacher
148;Addisyn Vance;professor;;;;teacher
149;Casen Reese;professor;;;;teacher
150;Rosemary Kirby;professor;;;;teacher
151;Tony Harrington;professor;;;;teacher
152;Legacy Cain;professor;;;;teacher
153;Benson Zimmerman;professor;;;;teacher
154;Ariyah Cox;professor;;;;teacher
155;Connor Cardenas;professor;;;;teacher
156;Raven Garza;professor;;;;teacher
157;Judah Mata;professor;;;;teacher
158;Lillie Sutton;professor;;;;teacher
159;Warren Curry;professor;;;;teacher
160;Alison Valentine;professor;;;;teacher
161;Demetrius Hurley;professor;;;;teacher
162;Rylan Sellers;professor;;;;teacher
163;Madden Salgado;professor;;;;teacher
164;Avalynn Hobbs;professor;;;;teacher
165;Brendan Terrell;professor;;;;teacher
166;Paityn Nunez;professor;;;;teacher
167;Caden Fitzpatrick;professor;;;;teacher
168;Annabella Zuniga;professor;;;;teacher
169;Sincere Vazquez;professor;;;;teacher
170;Journee Weeks;professor;;;;teacher
171;Anders Morris;professor;;;;teacher
172;Genesis Deleon;professor;;;;teacher
173;Nasir McCall;professor;;;;teacher
174;Kai Duarte;professor;;;;teacher
175;Abdullah Khan;professor;;;;teacher
176;Mabel O’Connor;professor;;;;teacher
177;Princeton Jenkins;professor;;;;teacher
178;Rylee Fleming;professor;;;;teacher
179;Fernando Howe;professor;;;;teacher
180;Persephone Medrano;professor;;;;teacher
181;Arian Wilkinson;professor;;;;teacher
182;Siena Snyder;professor;;;;teacher
183;Thiago Cummings;professor;;;;teacher
184;Nylah Shepherd;professor;;;;teacher
185;Ronald Hansen;professor;;;;teacher
186;Hope Gregory;professor;;;;teacher
187;Travis Horton;professor;;;;teacher
188;Aitana Boyle;professor;;;;teacher
189;Robin Suarez;professor;;;;teacher
190;Jimena Olsen;professor;;;;teacher
191;Skyler Cantrell;professor;;;;teacher
192;Yamileth Pruitt;professor;;;;teacher
193;Gatlin Ramsey;professor;;;;teacher
194;Lyric Mejia;professor;;;;teacher
195;Atticus Olson;professor;;;;teacher
196;Isabel Salinas;professor;;;;teacher
197;Edgar Hernandez;professor;;;;teacher
198;Camila McFarland;professor;;;;teacher
199;Dane David;professor;;;;teacher
200;Haylee Conley;professor;;;;teacher
201;Marvin Adams;professor;;;;teacher
202;Stella Chavez;professor;;;;teacher
203;Ian Riley;professor;;;;teacher
204;Kayla Finley;professor;;;;teacher
205;Calum Berg;professor;;;;teacher
206;Emmalyn Blake;professor;;;;teacher
207;Zyaire Fleming;professor;;;;teacher
208;Fatima Reed;professor;;;;teacher
209;Easton Sullivan;professor;;;;teacher
210;Melanie McGuire;professor;;;;teacher
211;Casey Hendricks;professor;;;;teacher
212;Dani Trejo;professor;;;;teacher
213;Wesson Barrera;professor;;;;teacher
214;Beatrice Galindo;professor;;;;teacher
215;Salvatore Wright;professor;;;;teacher
216;Lily Calderon;professor;;;;teacher
217;Oakley Hutchinson;professor;;;;teacher
218;Jamie Dillon;professor;;;;teacher
219;Alvin Duran;professor;;;;teacher
220;Willa Novak;professor;;;;teacher
221;Bishop McGee;professor;;;;teacher
222;Kayleigh Price;professor;;;;teacher
223;Brooks Vang;professor;;;;teacher
224;Madisyn Campbell;professor;;;;teacher
225;Christopher Kline;professor;;;;teacher
226;Sevyn Simon;professor;;;;teacher
227;Zayne Green;professor;;;;teacher
228;Zoe Johnson;professor;;;;teacher
229;Noah Wise;professor;;;;teacher
230;Mira McMillan;professor;;;;teacher
231;Rocky Gallegos;professor;;;;teacher
232;Ari Stephenson;professor;;;;teacher
233;Joe Donaldson;professor;;;;teacher
234;Natasha Bernard;professor;;;;teacher
235;Jair Giles;professor;;;;teacher
236;Bailee Christensen;professor;;;;teacher
237;Gregory Cruz;professor;;;;teacher
238;Claire Wise;professor;;;;teacher
239;Frederick Duffy;professor;;;;teacher
240;Addisyn O’Neal;professor;;;;teacher
241;Eddie Cohen;professor;;;;teacher
242;Destiny Ellison;professor;;;;teacher
243;Kye Lyons;professor;;;;teacher
244;Kenzie Gillespie;professor;;;;teacher
245;Forest Booth;professor;;;;teacher
246;Zariyah Bell;professor;;;;teacher
247;Emmett Cantrell;professor;;;;teacher
248;Yamileth Myers;professor;;;;teacher
249;Adam Oliver;professor;;;;teacher
250;Camille Russell;professor;;;;teacher
251;Weston Marquez;professor;;;;teacher
252;Milani Freeman;professor;;;;teacher
253;Jayce Cameron;professor;;;;teacher
254;Julie Kirby;professor;;;;teacher
255;Tony Enriquez;professor;;;;teacher
256;Nellie Gill;professor;;;;teacher
257;Matthias Maldonado;professor;;;;teacher
258;Elaina Reed;professor;;;;teacher
259;Easton Zavala;professor;;;;teacher
260;Liv Schroeder;professor;;;;teacher
261;Izaiah Aguirre;professor;;;;teacher
262;Ariah Brooks;professor;;;;teacher
263;Jordan Donaldson;professor;;;;teacher
264;Natasha Dudley;professor;;;;teacher
265;Colter Farrell;professor;;;;teacher
266;Kassidy Fuller;professor;;;;teacher
267;Andre Kemp;professor;;;;teacher
268;Anika Houston;professor;;;;teacher
269;Sylas Roy;professor;;;;teacher
270;Savanna Fischer;professor;;;;teacher
271;Leonidas McClain;professor;;;;teacher
272;Marleigh Sawyer;professor;;;;teacher
273;Jefferson Montoya;professor;;;;teacher
274;Kamryn Cervantes;professor;;;;teacher
275;Kamari Weber;professor;;;;teacher
276;Alayah Hensley;professor;;;;teacher
277;Layne Perkins;professor;;;;teacher
278;Sage Huerta;professor;;;;teacher
279;Douglas Jennings;professor;;;;teacher
280;Palmer Hebert;professor;;;;teacher
281;Guillermo Felix;professor;;;;teacher
282;Paisleigh Ochoa;professor;;;;teacher
283;Winston Leblanc;professor;;;;teacher
284;Novalee Waters;professor;;;;teacher
285;Maximilian Bates;professor;;;;teacher
286;Madilyn Mendez;professor;;;;teacher
287;Arthur Charles;professor;;;;teacher
288;Jenna Wong;professor;;;;teacher
289;Walter Vazquez;professor;;;;teacher
290;Journee Cuevas;professor;;;;teacher
291;Brecken Andersen;professor;;;;teacher
292;Zoie McMillan;professor;;;;teacher
293;Rocky Travis;professor;;;;teacher
294;Mazikee Miranda;professor;;;;teacher
295;Rory Arias;professor;;;;teacher
296;Aleah Miles;professor;;;;teacher
297;Jared Lara;professor;;;;teacher
298;Heidi Dalton;professor;;;;teacher
299;Fletcher Larsen;professor;;;;teacher
300;Xiomara Patrick;professor;;;;teacher
301;Derrick Barnett;professor;;;;teacher
302;Harlow McCarthy;professor;;;;teacher
303;Devin Marin;professor;;;;teacher
304;Celia Webster;professor;;;;teacher
305;Shawn Finley;professor;;;;teacher
306;Jovie Glover;professor;;;;teacher
307;Mack Yang;professor;;;;teacher
308;Angelina Best;professor;;;;teacher
309;Harlem Thompson;professor;;;;teacher
310;Madison Johns;professor;;;;teacher
311;Joziah Shepard;professor;;;;teacher
312;Noor Simpson;professor;;;;teacher
313;Elliott Villalobos;professor;;;;teacher
314;Zoya Meyer;professor;;;;teacher
315;Tristan Martinez;professor;;;;teacher
316;Harper Dickerson;professor;;;;teacher
317;Flynn Sosa;professor;;;;teacher
318;Cassandra Reid;professor;;;;teacher
319;Josue Mays;professor;;;;teacher
320;Denisse Mendez;professor;;;;teacher
321;Arthur Ray;professor;;;;teacher
322;Ruth Wiley;professor;;;;teacher
323;Mathew Xiong;professor;;;;teacher
324;Amayah Castaneda;professor;;;;teacher
325;Collin Patrick;professor;;;;teacher
326;Lyra Singh;professor;;;;teacher
327;Louis Watson;professor;;;;teacher
328;Hailey Haynes;professor;;;;teacher
329;Kason Norton;professor;;;;teacher
330;Kylee Andersen;professor;;;;teacher
331;Alistair Moyer;professor;;;;teacher
332;Zola Craig;professor;;;;teacher
333;Odin Andrews;professor;;;;teacher
334;Payton Parks;professor;;;;teacher
335;Gianni Powell;professor;;;;teacher
336;Vivian Brooks;professor;;;;teacher
337;Jordan Maxwell;professor;;;;teacher
338;Kyla Gutierrez;professor;;;;teacher
339;Luca Caldwell;professor;;;;teacher
340;Evelynn Fuller;professor;;;;teacher
341;Andre Russell;professor;;;;teacher
342;Raelynn Norman;professor;;;;teacher
343;Aziel Lu;professor;;;;teacher
344;Emani Hickman;professor;;;;teacher
345;Jakobe Andrade;professor;;;;teacher
346;Emmy Duncan;professor;;;;teacher
347;Avery Proctor;professor;;;;teacher
348;Chandler Mendoza;professor;;;;teacher
349;Dominic Vo;professor;;;;teacher
350;Artemis Bullock;professor;;;;teacher
351;Ben Graham;professor;;;;teacher
352;Alaia McKay;professor;;;;teacher
353;Joey Spencer;professor;;;;teacher
354;Alyssa Campos;professor;;;;teacher
355;Gideon Booth;professor;;;;teacher
356;Zariyah Reid;professor;;;;teacher
357;Josue Beasley;professor;;;;teacher
358;Jaylah Joseph;professor;;;;teacher
359;Kyle Wilson;professor;;;;teacher
360;Luna Barron;professor;;;;teacher
361;Dustin Nava;professor;;;;teacher
362;Scout Becker;professor;;;;teacher
363;Lawson Rhodes;professor;;;;teacher
364;Tatum Garza;professor;;;;teacher
365;Judah Hickman;professor;;;;teacher
366;Scarlette Hammond;professor;;;;teacher
367;Francis Coleman;professor;;;;teacher
368;Julia Taylor;professor;;;;teacher
369;Jackson Skinner;professor;;;;teacher
370;Mara Atkins;professor;;;;teacher
371;Cason Adkins;professor;;;;teacher
372;Emelia Stanley;professor;;;;teacher
373;Manuel Valentine;professor;;;;teacher
374;August Blanchard;professor;;;;teacher
375;Adler Salazar;professor;;;;teacher
376;Freya Wallace;professor;;;;teacher
377;Chase Bradshaw;professor;;;;teacher
378;Berkley Alexander;professor;;;;teacher
379;Kingston Moreno;professor;;;;teacher
380;Mary Lynn;professor;;;;teacher
381;Zechariah Riley;professor;;;;teacher
382;Kayla Sloan;professor;;;;teacher
383;Ocean Luna;professor;;;;teacher
384;Journey Shepard;professor;;;;teacher
385;Damari Floyd;professor;;;;teacher
386;Yaretzi Valencia;professor;;;;teacher
387;Dax Richards;professor;;;;teacher
388;Trinity O’Connell;professor;;;;teacher
389;Jovanni Henry;professor;;;;teacher
390;Summer Valencia;professor;;;;teacher
391;Dax Byrd;professor;;;;teacher
392;Giselle Morton;professor;;;;teacher
393;Roland Flowers;professor;;;;teacher
394;Ariya Villalobos;professor;;;;teacher
395;Reuben Morton;professor;;;;teacher
396;Mallory Patrick;professor;;;;teacher
397;Derrick Hunt;professor;;;;teacher
398;Genevieve Meadows;professor;;;;teacher
399;Wayne McCann;professor;;;;teacher
400;Joyce Harris;professor;;;;teacher
401;Samuel Matthews;professor;;;;teacher
402;Lila Melendez;professor;;;;teacher
403;Nikolas Guzman;professor;;;;teacher
404;Ashley Daugherty;professor;;;;teacher
405;Turner Pitts;professor;;;;teacher
406;Nala Terrell;professor;;;;teacher
407;Jaxen Novak;professor;;;;teacher
408;Kaiya Marshall;professor;;;;teacher
409;Kaiden Hoover;professor;;;;teacher
410;Virginia Hopkins;professor;;;;teacher
411;Ali Washington;professor;;;;teacher
412;Valerie Beard;professor;;;;teacher
413;Nathanael Browning;professor;;;;teacher
414;Princess Valencia;professor;;;;teacher
415;Dax Lewis;professor;;;;teacher
416;Ellie Moody;professor;;;;teacher
417;Ryland West;professor;;;;teacher
418;Remi Portillo;professor;;;;teacher
419;Wallace Scott;professor;;;;teacher
420;Aurora Magana;professor;;;;teacher
421;Rey Suarez;professor;;;;teacher
422;Jimena Bentley;professor;;;;teacher
423;Randy Hart;professor;;;;teacher
424;Gemma Whitehead;professor;;;;teacher
425;Zayd Murray;professor;;;;teacher
426;Faith Pace;professor;;;;teacher
427;Dior Blake;professor;;;;teacher
428;Amanda O’Connell;professor;;;;teacher
429;Jovanni Dunlap;professor;;;;teacher
430;Iliana Banks;professor;;;;teacher
431;Martin Soto;professor;;;;teacher
432;Brynlee Conley;professor;;;;teacher
433;Marvin Case;professor;;;;teacher
434;Cleo Gonzalez;professor;;;;teacher
435;Ethan Peck;professor;;;;teacher
436;Crystal Adams;professor;;;;teacher
437;Hudson O’Donnell;professor;;;;teacher
438;Bellamy Skinner;professor;;;;teacher
439;Ridge Figueroa;professor;;;;teacher
440;Lilith Madden;professor;;;;teacher
441;Everest Hart;professor;;;;teacher
442;Gemma Sullivan;professor;;;;teacher
443;Evan Palacios;professor;;;;teacher
444;Bria Rodgers;professor;;;;teacher
445;Mathias Lowe;professor;;;;teacher
446;Amari Espinosa;professor;;;;teacher
447;Khalid Cain;professor;;;;teacher
448;Kendra Rosales;professor;;;;teacher
449;Wilder Henry;professor;;;;teacher
450;Summer Hodges;professor;;;;teacher
451;Alonzo Levy;professor;;;;teacher
452;Flora Russell;professor;;;;teacher
453;Weston Russell;professor;;;;teacher
454;Raelynn Kirk;professor;;;;teacher
455;Alessandro Dorsey;professor;;;;teacher
456;Addyson Willis;professor;;;;teacher
457;Remington Adkins;professor;;;;teacher
458;Emelia Sampson;professor;;;;teacher
459;Cain Kim;professor;;;;teacher
460;Gabriella Moss;professor;;;;teacher
461;Porter Castro;professor;;;;teacher
462;Eloise Lowe;professor;;;;teacher
463;Julius Rice;professor;;;;teacher
464;Ada Nash;professor;;;;teacher
465;Chandler Morrow;professor;;;;teacher
466;Reyna Peck;professor;;;;teacher
467;Yousef Henry;professor;;;;teacher
468;Summer Galvan;professor;;;;teacher
469;Kingsley Villarreal;professor;;;;teacher
470;Jazlyn Hardy;professor;;;;teacher
471;Jayceon Ross;professor;;;;teacher
472;Peyton Rush;professor;;;;teacher
473;Kaiser Hobbs;professor;;;;teacher
474;Lacey Johnston;professor;;;;teacher
475;Felix Dickerson;professor;;;;teacher
476;Opal Anthony;professor;;;;teacher
477;Shiloh Lozano;professor;;;;teacher
478;Cecelia Russell;professor;;;;teacher
479;Weston Yoder;professor;;;;teacher
480;Emerie Gallagher;professor;;;;teacher
481;Marcos Warren;professor;;;;teacher
482;Sloane Gillespie;professor;;;;teacher
483;Forest Wu;professor;;;;teacher
484;Liana Orr;professor;;;;teacher
485;Benicio Felix;professor;;;;teacher
486;Paisleigh Tate;professor;;;;teacher
487;Dalton Mejia;professor;;;;teacher
488;Saylor Crawford;professor;;;;teacher
489;Kevin Finley;professor;;;;teacher
490;Jovie Finley;professor;;;;teacher
491;Calum Garrett;professor;;;;teacher
492;Tessa Lozano;professor;;;;teacher
493;Boone Vazquez;professor;;;;teacher
494;Journee Rosario;professor;;;;teacher
495;Jedidiah Floyd;professor;;;;teacher
496;Yaretzi Peterson;professor;;;;teacher
497;Santiago Tyler;professor;;;;teacher
498;Helena Frederick;professor;;;;teacher
499;Kase Saunders;professor;;;;teacher
500;Meadow Grimes;professor;;;;teacher
501;Harlan Solomon;professor;;;;teacher
502;Mylah Quintana;professor;;;;teacher
503;Kelvin Miranda;professor;;;;teacher
504;Amina Pacheco;professor;;;;teacher
505;Erik Hogan;professor;;;;teacher
506;Kathryn Williams;professor;;;;teacher
507;Oliver House;professor;;;;teacher
508;Sariah Griffin;professor;;;;teacher
509;Ayden Escobar;professor;;;;teacher
510;Erin Sexton;professor;;;;teacher
511;Mylo Wheeler;professor;;;;teacher
512;Sydney Garcia;professor;;;;teacher
513;James Austin;professor;;;;teacher
514;Alivia Compton;professor;;;;teacher
515;Abner Atkins;professor;;;;teacher
516;Mina Gibbs;professor;;;;teacher
517;Deacon Long;professor;;;;teacher
518;Jade Trujillo;professor;;;;teacher
519;Apollo Elliott;professor;;;;teacher
520;Noelle Tate;professor;;;;teacher
521;Dalton Kim;professor;;;;teacher
522;Gabriella Stevens;professor;;;;teacher
523;Zachary Schmidt;professor;;;;teacher
524;Kimberly Peters;professor;;;;teacher
525;Patrick Douglas;professor;;;;teacher
526;Aniyah Madden;professor;;;;teacher
527;Everest Henson;professor;;;;teacher
528;Kinslee McGuire;professor;;;;teacher
529;Casey Rangel;professor;;;;teacher
530;Gloria Reeves;professor;;;;teacher
531;Clark Delacruz;professor;;;;teacher
532;Celine House;professor;;;;teacher
533;Yehuda Ray;professor;;;;teacher
534;Ruth Phan;professor;;;;teacher
535;Maison Wallace;professor;;;;teacher
536;Arianna Holloway;professor;;;;teacher
537;Sutton Kane;professor;;;;teacher
538;Ellianna Scott;professor;;;;teacher
539;Leo Stark;professor;;;;teacher
540;Kamilah Gilmore;professor;;;;teacher
541;Vihaan Hinton;professor;;;;teacher
542;Jaelynn Sweeney;professor;;;;teacher
543;Nixon Guevara;professor;;;;teacher
544;Teresa Conley;professor;;;;teacher
545;Marvin Johns;professor;;;;teacher
546;Giovanna Valenzuela;professor;;;;teacher
547;Jamari Duarte;professor;;;;teacher
548;Kynlee Richmond;professor;;;;teacher
549;Mordechai Stevens;professor;;;;teacher
550;Katherine Hill;professor;;;;teacher
551;Isaac Velez;professor;;;;teacher
552;Megan Sloan;professor;;;;teacher
553;Ocean Valentine;professor;;;;teacher
554;August Bauer;professor;;;;teacher
555;Kieran Murray;professor;;;;teacher
556;Faith Dickerson;professor;;;;teacher
557;Flynn Hoover;professor;;;;teacher
558;Virginia Goodwin;professor;;;;teacher
559;Kaison Nolan;professor;;;;teacher
560;Itzayana Calhoun;professor;;;;teacher
561;Gary Love;professor;;;;teacher
562;Avianna Barron;professor;;;;teacher
563;Dustin Hampton;professor;;;;teacher
564;Leona Valencia;professor;;;;teacher
565;Dax Lynn;professor;;;;teacher
566;Samira Hughes;professor;;;;teacher
567;Everett Gillespie;professor;;;;teacher
568;Alianna Armstrong;professor;;;;teacher
569;Grant Cisneros;professor;;;;teacher
570;Janelle Lucero;professor;;;;teacher
571;Felipe Schneider;professor;;;;teacher
572;Delaney Cochran;professor;;;;teacher
573;Danny Coleman;professor;;;;teacher
574;Julia Hunt;professor;;;;teacher
575;Jesus May;professor;;;;teacher
576;Adriana Manning;professor;;;;teacher
577;Seth Bradshaw;professor;;;;teacher
578;Berkley Reynolds;professor;;;;teacher
579;Vincent Stephens;professor;;;;teacher
580;Millie Owen;professor;;;;teacher
581;Cannon Wang;professor;;;;teacher
582;Kailani Tucker;professor;;;;teacher
583;Ivan Pope;professor;;;;teacher
584;Aurelia Barrett;professor;;;;teacher
585;Angelo Swanson;professor;;;;teacher
586;Helen Quintero;professor;;;;teacher
587;Thatcher Lawrence;professor;;;;teacher
588;Lauren Park;professor;;;;teacher
589;Daxton Robles;professor;;;;teacher
590;Felicity Lowery;professor;;;;teacher
591;Jaxxon Magana;professor;;;;teacher
592;Amaris Harper;professor;;;;teacher
593;Hayes Peralta;professor;;;;teacher
594;Malayah Stark;professor;;;;teacher
595;Kristopher Stuart;professor;;;;teacher
596;Stormi Barker;professor;;;;teacher
597;Kade Cunningham;professor;;;;teacher
598;Marley Holland;professor;;;;teacher
599;Brady Perry;professor;;;;teacher
600;Clara Lucero;professor;;;;teacher
601;Felipe Hester;professor;;;;teacher
602;Zendaya Vaughn;professor;;;;teacher
603;Remy Lyons;professor;;;;teacher
604;Kenzie Hicks;professor;;;;teacher
605;Maddox Franklin;professor;;;;teacher
606;Angela Thomas;professor;;;;teacher
607;Logan Baxter;professor;;;;teacher
608;Lara Hodges;professor;;;;teacher
609;Alonzo Fuentes;professor;;;;teacher
610;Madeleine Huynh;professor;;;;teacher
611;Layton Atkinson;professor;;;;teacher
612;Jazmin Hudson;professor;;;;teacher
613;Peter Huang;professor;;;;teacher
614;Francesca Castaneda;professor;;;;teacher
615;Collin Portillo;professor;;;;teacher
616;Nathalie Kelly;professor;;;;teacher
617;Cooper Bell;professor;;;;teacher
618;Melody Stewart;professor;;;;teacher
619;Nolan Douglas;professor;;;;teacher
620;Aniyah Maxwell;professor;;;;teacher
621;Eden Murphy;professor;;;;teacher
622;Bella Dickson;professor;;;;teacher
623;Maxton Moore;professor;;;;teacher
624;Emily Weiss;professor;;;;teacher
625;Koa Prince;professor;;;;teacher
626;Greta Hayes;professor;;;;teacher
627;Legend Freeman;professor;;;;teacher
628;Norah Murphy;professor;;;;teacher
629;Cameron Chan;professor;;;;teacher
630;Hattie Spears;professor;;;;teacher
631;Ameer Washington;professor;;;;teacher
632;Valerie Guevara;professor;;;;teacher
633;Tommy Nielsen;professor;;;;teacher
634;Vienna Wyatt;professor;;;;teacher
635;Sam Pacheco;professor;;;;teacher
636;Paris Herman;professor;;;;teacher
637;Juelz Ahmed;professor;;;;teacher
638;Jolie Patel;professor;;;;teacher
639;Parker Hebert;professor;;;;teacher
640;Kyleigh Lowe;professor;;;;teacher
641;Julius Dougherty;professor;;;;teacher
642;Alisson Charles;professor;;;;teacher
643;Conrad Miles;professor;;;;teacher
644;Alessandra Black;professor;;;;teacher
645;Matteo Cervantes;professor;;;;teacher
646;Aylin Roach;professor;;;;teacher
647;Caspian Cherry;professor;;;;teacher
648;Nyomi Marshall;professor;;;;teacher
649;Kaiden Stevenson;professor;;;;teacher
650;Regina Morales;professor;;;;teacher
651;Aaron Molina;professor;;;;teacher
652;Alexandria Horton;professor;;;;teacher
653;Garrett Pace;professor;;;;teacher
654;Giana Joseph;professor;;;;teacher
655;Kyle Roberts;professor;;;;teacher
656;Paisley Patton;professor;;;;teacher
657;Moises Maynard;professor;;;;teacher
658;Carolyn Pennington;professor;;;;teacher
659;Bobby Harper;professor;;;;teacher
660;Ana Fletcher;professor;;;;teacher
661;Jay Bryan;professor;;;;teacher
662;Meredith Stark;professor;;;;teacher
663;Kristopher Chandler;professor;;;;teacher
664;Viviana Solomon;professor;;;;teacher
665;Musa Nava;professor;;;;teacher
666;Scout Fuller;professor;;;;teacher
667;Andre Sanchez;professor;;;;teacher
668;Aria Quintana;professor;;;;teacher
669;Kelvin Lang;professor;;;;teacher
670;Amirah Blevins;professor;;;;teacher
671;Avi King;professor;;;;teacher
672;Victoria Gregory;professor;;;;teacher
673;Travis Conner;professor;;;;teacher
674;Alondra Pena;professor;;;;teacher
675;Marcus Serrano;professor;;;;teacher
676;Allie Walls;professor;;;;teacher
677;Larry Duke;professor;;;;teacher
678;Melani Weiss;professor;;;;teacher
679;Koa Montgomery;professor;;;;teacher
680;Evangeline Herrera;professor;;;;teacher
681;River Norris;professor;;;;teacher
682;Arielle French;professor;;;;teacher
683;Corey Rice;professor;;;;teacher
684;Ada Harding;professor;;;;teacher
685;Brodie Pace;professor;;;;teacher
686;Giana Contreras;professor;;;;teacher
687;Emilio Lucas;professor;;;;teacher
688;Phoenix McClain;professor;;;;teacher
689;Mitchell Howell;professor;;;;teacher
690;Mckenna Decker;professor;;;;teacher
691;Taylor Figueroa;professor;;;;teacher
692;Lilith Farrell;professor;;;;teacher
693;Ty Shaffer;professor;;;;teacher
694;Alanna Valdez;professor;;;;teacher
695;Kyler Russo;professor;;;;teacher
696;Tinsley Delarosa;professor;;;;teacher
697;Osiris Nixon;professor;;;;teacher
698;Deborah Moss;professor;;;;teacher
699;Porter Reyes;professor;;;;teacher
700;Audrey Yoder;professor;;;;teacher
701;Johan Peralta;professor;;;;teacher
702;Malayah Benitez;professor;;;;teacher
703;Justice Wright;professor;;;;teacher
704;Lily Larson;professor;;;;teacher
705;Rafael Jarvis;professor;;;;teacher
706;Elisabeth Vargas;professor;;;;teacher
707;Ryker Stein;professor;;;;teacher
708;Leilany Sampson;professor;;;;teacher
709;Cain Dudley;professor;;;;teacher
710;Hadleigh Jenkins;professor;;;;teacher
711;Declan Carroll;professor;;;;teacher
712;Zara Cervantes;professor;;;;teacher
713;Kamari Romero;professor;;;;teacher
714;Eliza Beck;professor;;;;teacher
715;Eduardo Flowers;professor;;;;teacher
716;Ariya Giles;professor;;;;teacher
717;Kole Curry;professor;;;;teacher
718;Alison Hardy;professor;;;;teacher
719;Jayceon Ramos;professor;;;;teacher
720;Alice Guerra;professor;;;;teacher
721;Leland McCullough;professor;;;;teacher
722;Hana Brandt;professor;;;;teacher
723;Damir Dyer;professor;;;;teacher
724;Estrella Navarro;professor;;;;teacher
725;Reid Collins;professor;;;;teacher
726;Kinsley Ross;professor;;;;teacher
727;Wesley Waters;professor;;;;teacher
728;Bristol Kim;professor;;;;teacher
729;Roman Burton;professor;;;;teacher
730;Miriam Dominguez;professor;;;;teacher
731;Kaden Alfaro;professor;;;;teacher
732;Yasmin Marin;professor;;;;teacher
733;Aldo Moon;professor;;;;teacher
734;Naya Ali;professor;;;;teacher
735;Arjun Buchanan;professor;;;;teacher
736;Maryam Porter;professor;;;;teacher
737;Rhett Hansen;professor;;;;teacher
738;Hope Casey;professor;;;;teacher
739;Armando McBride;professor;;;;teacher
740;Kelsey Salas;professor;;;;teacher
741;Zaiden Medina;professor;;;;teacher
742;Elliana Medrano;professor;;;;teacher
743;Arian Shah;professor;;;;teacher
744;Angelica Coffey;professor;;;;teacher
745;Kody Noble;professor;;;;teacher
746;Hunter Bishop;professor;;;;teacher
747;Paxton Coleman;professor;;;;teacher
748;Julia Love;professor;;;;teacher
749;Jeffrey Wallace;professor;;;;teacher
750;Arianna Charles;professor;;;;teacher
751;Conrad Santos;professor;;;;teacher
752;Alana Frost;professor;;;;teacher
753;Dario Kirby;professor;;;;teacher
754;Skyla Schmitt;professor;;;;teacher
755;Murphy Cordova;professor;;;;teacher
756;Florence Stone;professor;;;;teacher
757;Finn Dickerson;professor;;;;teacher
758;Opal Gillespie;professor;;;;teacher
759;Forest Leon;professor;;;;teacher
760;Amora O’Neill;professor;;;;teacher
761;Marcel Lynn;professor;;;;teacher
762;Samira Hines;professor;;;;teacher
763;Uriel Stone;professor;;;;teacher
764;Catalina Mills;professor;;;;teacher
765;Alex Guevara;professor;;;;teacher
766;Teresa Rhodes;professor;;;;teacher
767;Titus Scott;professor;;;;teacher
768;Aurora Fox;professor;;;;teacher
769;Antonio Hudson;professor;;;;teacher
770;Kamila Alvarado;professor;;;;teacher
771;Andres Ross;professor;;;;teacher
772;Peyton Stanton;professor;;;;teacher
773;Zyair Kaur;professor;;;;teacher
774;Holland McBride;professor;;;;teacher
775;Denver Grant;professor;;;;teacher
776;Alaina Alexander;professor;;;;teacher
777;Kingston Smith;professor;;;;teacher
778;Olivia Molina;professor;;;;teacher
779;Prince Foley;professor;;;;teacher
780;Zaylee Delarosa;professor;;;;teacher
781;Osiris Clay;professor;;;;teacher
782;Aliana Bonilla;professor;;;;teacher
783;Aden Ellis;professor;;;;teacher
784;Ayla Nichols;professor;;;;teacher
785;Atlas Fleming;professor;;;;teacher
786;Fatima Shaffer;professor;;;;teacher
787;Dexter House;professor;;;;teacher
788;Sariah Baldwin;professor;;;;teacher
789;Jaiden Hall;professor;;;;teacher
790;Leah Lambert;professor;;;;teacher
791;Mario McKee;professor;;;;teacher
792;Kori Campos;professor;;;;teacher
793;Gideon Conrad;professor;;;;teacher
794;Bexley Terry;professor;;;;teacher
795;Armani Burch;professor;;;;teacher
796;Freyja Hodge;professor;;;;teacher
797;Reign Bernard;professor;;;;teacher
798;Barbara Yang;professor;;;;teacher
799;Malcolm Walls;professor;;;;teacher
800;Lilianna McClure;professor;;;;teacher
801;Reese Steele;professor;;;;teacher
802;Rylie Hunter;professor;;;;teacher
803;Archer Glover;professor;;;;teacher
804;Alessia Blackwell;professor;;;;teacher
805;Marcellus Sosa;professor;;;;teacher
806;Cassandra Brennan;professor;;;;teacher
807;Curtis Barnett;professor;;;;teacher
808;Harlow Cardenas;professor;;;;teacher
809;Johnathan Small;professor;;;;teacher
810;Zaria Ferguson;professor;;;;teacher
811;Miguel Villa;professor;;;;teacher
812;Johanna Hardin;professor;;;;teacher
813;Hassan Lopez;professor;;;;teacher
814;Gianna Spears;professor;;;;teacher
815;Ameer Cuevas;professor;;;;teacher
816;Adele Boyle;professor;;;;teacher
817;Robin Gallagher;professor;;;;teacher
818;Elliott Vang;professor;;;;teacher
819;Jimmy Stark;professor;;;;teacher
820;Kamilah Sanford;professor;;;;teacher
821;Truett Dean;professor;;;;teacher
822;Julianna Gregory;professor;;;;teacher
823;Travis Elliott;professor;;;;teacher
824;Noelle Gross;professor;;;;teacher
825;Quinn Benjamin;professor;;;;teacher
826;Jianna Warner;professor;;;;teacher
827;Jaxton Logan;professor;;;;teacher
828;Kora Escobar;professor;;;;teacher
829;Zachariah Porter;professor;;;;teacher
830;Ryleigh Rocha;professor;;;;teacher
831;Onyx Duffy;professor;;;;teacher
832;Addisyn Zhang;professor;;;;teacher
833;Isaias Gates;professor;;;;teacher
834;Melina York;professor;;;;teacher
835;Leandro Blair;professor;;;;teacher
836;Frances Novak;professor;;;;teacher
837;Bishop Kemp;professor;;;;teacher
838;Anika Petersen;professor;;;;teacher
839;Samson Hammond;professor;;;;teacher
840;Holly Kaur;professor;;;;teacher
841;Augustine Rivera;professor;;;;teacher
842;Lillian Greene;professor;;;;teacher
843;Griffin Potts;professor;;;;teacher
844;Ellison Reyna;professor;;;;teacher
845;Reginald Cunningham;professor;;;;teacher
846;Marley Bentley;professor;;;;teacher
847;Randy Beil;professor;;;;teacher
848;Itzel Magana;professor;;;;teacher
849;Rey Green;professor;;;;teacher
850;Zoe Mathews;professor;;;;teacher
851;Jamir Koch;professor;;;;teacher
852;Milana Silva;professor;;;;teacher
853;Luka Delacruz;professor;;;;teacher
854;Celine Cole;professor;;;;teacher
855;Nathaniel Dean;professor;;;;teacher
856;Julianna Poole;professor;;;;teacher
857;Quincy Solis;professor;;;;teacher
858;Miracle Ventura;professor;;;;teacher
859;Branson Andrade;professor;;;;teacher
860;Emmy Caldwell;professor;;;;teacher
861;Rylan Bernal;professor;;;;teacher
862;Emmeline Ellis;professor;;;;teacher
863;Cole Vance;professor;;;;teacher
864;Maxine Pitts;professor;;;;teacher
865;Trey Snyder;professor;;;;teacher
866;Callie Tapia;professor;;;;teacher
867;Samir Howell;professor;;;;teacher
868;Mckenna Boyd;professor;;;;teacher
869;Dean Green;professor;;;;teacher
870;Zoe Hull;professor;;;;teacher
871;Salem Roy;professor;;;;teacher
872;Savanna Pena;professor;;;;teacher
873;Marcus Walsh;professor;;;;teacher
874;Leia Lim;professor;;;;teacher
875;Cal Larson;professor;;;;teacher
876;Alayna Schultz;professor;;;;teacher
877;Cody Ochoa;professor;;;;teacher
878;Luciana O’Connor;professor;;;;teacher
879;Princeton Rojas;professor;;;;teacher
880;Adaline Cantu;professor;;;;teacher
881;Anakin Alexander;professor;;;;teacher
882;Lyla Jones;professor;;;;teacher
883;William Villarreal;professor;;;;teacher
884;Jazlyn Lloyd;professor;;;;teacher
885;Zaire Whitehead;professor;;;;teacher
886;Sylvie Hinton;professor;;;;teacher
887;Frankie Peters;professor;;;;teacher
888;Leila Shelton;professor;;;;teacher
889;Leonel Lee;professor;;;;teacher
890;Scarlett Stokes;professor;;;;teacher
891;Santana Chambers;professor;;;;teacher
892;Makayla Hester;professor;;;;teacher
893;Rene Travis;professor;;;;teacher
894;Mazikee Ryan;professor;;;;teacher
895;Timothy Jefferson;professor;;;;teacher
896;Julieta Ortega;professor;;;;teacher
897;Kobe Villalobos;professor;;;;teacher
898;Zoya Woodward;professor;;;;teacher
899;Jeremias Knox;professor;;;;teacher
900;Kallie Wagner;professor;;;;teacher
901;Enzo Henderson;professor;;;;teacher
902;Maria Lane;professor;;;;teacher
903;Matias Hartman;professor;;;;teacher
904;Kennedi Cortez;professor;;;;teacher
905;Zayn Zhang;professor;;;;teacher
906;Sarai Rice;professor;;;;teacher
907;Graham Chung;professor;;;;teacher
908;Rivka Newton;professor;;;;teacher
909;Santino Ellison;professor;;;;teacher
910;Raina Michael;professor;;;;teacher
911;Bronson Webster;professor;;;;teacher
912;Kensley Bush;professor;;;;teacher
913;Tyson Perkins;professor;;;;teacher
914;Sage Sanford;professor;;;;teacher
915;Truett Sanford;professor;;;;teacher
916;Emerald Salas;professor;;;;teacher
917;Zaiden Mills;professor;;;;teacher
918;June Callahan;professor;;;;teacher
919;Quinton Reyes;professor;;;;teacher
920;Audrey Bell;professor;;;;teacher
921;Emmett Rowland;professor;;;;teacher
922;Harleigh Warren;professor;;;;teacher
923;Abel Peralta;professor;;;;teacher
924;Malayah White;professor;;;;teacher
925;Aiden Correa;professor;;;;teacher
926;Valery Parsons;professor;;;;teacher
927;Lewis Fletcher;professor;;;;teacher
928;Anaya Alvarez;professor;;;;teacher
929;Xavier Stark;professor;;;;teacher
930;Kamilah Alfaro;professor;;;;teacher
931;Xzavier White;professor;;;;teacher
932;Layla Dickson;professor;;;;teacher
933;Maxton Parks;professor;;;;teacher
934;Ainsley Horton;professor;;;;teacher
935;Garrett Cohen;professor;;;;teacher
936;Destiny Collins;professor;;;;teacher
937;Miles Cole;professor;;;;teacher
938;Margaret Terrell;professor;;;;teacher
939;Jaxen Howe;professor;;;;teacher
940;Persephone Ashley;professor;;;;teacher
941;Kylen Conrad;professor;;;;teacher
942;Bexley Knapp;professor;;;;teacher
943;Boden Yoder;professor;;;;teacher
944;Emerie Fields;professor;;;;teacher
945;Clayton Mendez;professor;;;;teacher
946;Londyn Stephens;professor;;;;teacher
947;Messiah Brock;professor;;;;teacher
948;Jada O’Neal;professor;;;;teacher
949;Eddie Browning;professor;;;;teacher
950;Princess Marks;professor;;;;teacher
951;Amos Myers;professor;;;;teacher
952;Lydia Donaldson;professor;;;;teacher
953;Canaan Parra;professor;;;;teacher
954;Dalary Sawyer;professor;;;;teacher
955;Jefferson Nolan;professor;;;;teacher
956;Itzayana Farrell;professor;;;;teacher
957;Ty Good;professor;;;;teacher
958;Nathalia Duarte;professor;;;;teacher
959;Abdullah Correa;professor;;;;teacher
960;Valery McIntosh;professor;;;;teacher
961;Kristian Chavez;professor;;;;teacher
962;Nevaeh Benjamin;professor;;;;teacher
963;Kyro Villa;professor;;;;teacher
964;Johanna Sweeney;professor;;;;teacher
965;Nixon Wood;professor;;;;teacher
966;Natalia Lloyd;professor;;;;teacher
967;Zaire Donovan;professor;;;;teacher
968;Azariah Walls;professor;;;;teacher
969;Larry Petersen;professor;;;;teacher
970;Fernanda Serrano;professor;;;;teacher
971;Milan McLaughlin;professor;;;;teacher
972;Stephanie Chen;professor;;;;teacher
973;Emmanuel Schroeder;professor;;;;teacher
974;Cameron Ashley;professor;;;;teacher
975;Kylen Abbott;professor;;;;teacher
976;Melany Holmes;professor;;;;teacher
977;King Aguilar;professor;;;;teacher
978;Josie Raymond;professor;;;;teacher
979;Maurice Meadows;professor;;;;teacher
980;Pearl Hopkins;professor;;;;teacher
981;Ali Casey;professor;;;;teacher
982;Sylvia Valentine;professor;;;;teacher
983;Demetrius Mullins;professor;;;;teacher
984;Maliyah Solomon;professor;;;;teacher
985;Musa Holmes;professor;;;;teacher
986;Bailey Francis;professor;;;;teacher
987;Harvey Wade;professor;;;;teacher
988;Evie Schultz;professor;;;;teacher
989;Cody Potts;professor;;;;teacher
990;Ellison Leach;professor;;;;teacher
991;Westin Booth;professor;;;;teacher
992;Zariyah Daugherty;professor;;;;teacher
993;Turner Trevino;professor;;;;teacher
994;Priscilla Brock;professor;;;;teacher
995;Julio Owens;professor;;;;teacher
996;Amaya Soto;professor;;;;teacher
997;Barrett Yu;professor;;;;teacher
998;Navy Calhoun;professor;;;;teacher
999;Gary Garcia;professor;;;;teacher
1000;Amelia Wang;professor;;;;teacher
1001;Cohen Cummings;professor;;;;teacher
1002;Nylah Hodges;professor;;;;teacher
1003;Alonzo Felix;professor;;;;teacher
1004;Paisleigh Xiong;professor;;;;teacher
1005;Azrael Shannon;professor;;;;teacher
1006;Harlee Ballard;professor;;;;teacher
1007;Kenzo Rodgers;professor;;;;teacher
1008;Selah Young;professor;;;;teacher
1009;Asher Sheppard;professor;;;;teacher
1010;Veda Mathis;professor;;;;teacher
1011;Gustavo Adams;professor;;;;teacher
1012;Stella Richmond;professor;;;;teacher
1013;Mordechai Blackburn;professor;;;;teacher
1014;Frida Elliott;professor;;;;teacher
1015;Blake Jimenez;professor;;;;teacher
1016;Adeline McKenzie;professor;;;;teacher
1017;Scott Barnes;professor;;;;teacher
1018;Liliana Whitney;professor;;;;teacher
1019;Jeffery O’Neill;professor;;;;teacher
1020;Kenna Vang;professor;;;;teacher
1021;Jimmy Bush;professor;;;;teacher
